{
    "criteria": {
        "requirement": {
            "trigger": "minecraft:player_interacted_with_entity",
            "conditions": {
                "entity": [
                    {
                        "condition": "minecraft:entity_properties",
                        "entity": "this",
                        "predicate": {
                            "type": "minecraft:chest_minecart",
                            "nbt": "{Tags:[\"teplus.technical_anvil\"]}"
                        }
                    }
                ]
            }
        }
    },
    "rewards": {
        "function": "technical_anvil:events/is_open_by_player"
    }
}