{
	"pools": [
	  {
		"rolls": 1,
		"entries": [
		  {
			"type": "minecraft:item",
			"name": "minecraft:enchanted_book",
			"functions": [
				{
				  "function": "minecraft:copy_nbt",
				   "source": {
					  "type": "minecraft:storage",
					  "source": "teplus:item_lore"
				    },
				    "ops": [
				    {
					  "source": "First",
					  "target": "StoredCustomEnchantments",
					  "op": "replace"
				    }
				 ]
			  },
			  {
				"function": "minecraft:set_lore",
				"entity": "this",
				"lore": [
				  [
					{
					  "translate": "Anti-Knockback",
					  "color": "gray",
					  "italic": false
					},
					{
					  "text": " "
					},
					{
					  "nbt": "Level",
					  "storage": "teplus:item_lore",
					  "color": "gray",
					  "italic": false
					}
				  ]
				],
				"replace": false
			  },
			  {
				"function": "minecraft:set_lore",
				"entity": "this",
				"lore": [
					[
						[
							[
							  {
								"text": "► ",
								"color": "blue"
							  },
							  {
								"translate": "item.minecraft.shield",
								"color": "blue"
							  }
							]
						  ]
					  ]
				],
				"replace": false
			  }
			]
		  }
		]
	  }
	]
  }
  