{
  "criteria": {
    "hit_poiaspt": {
      "trigger": "minecraft:entity_hurt_player",
      "conditions": {
        "damage": {
          "source_entity": {
            "type": "#teplus_exten:mobs/with_custom_ench",
            "equipment": {
              "mainhand": {
                "nbt": "{CustomEnchantments:[{id:\"LifeSteal\",lvl:1}]}"
              }
            }
          }
        }
      }
    }
  },
  "rewards": {
    "function": "teplus_exten:mobs/has_ench/mainhand/when_hit_player/life_steal"
  }
}
