{
  "pools": [
    {
      "rolls": 1,
      "entries": [
        {
          "type": "minecraft:item",
          "name": "minecraft:elytra",
          "functions": [
            {
              "function": "minecraft:set_name",
              "name": {
                "text": "Plated Elytra",
                "color": "dark_gray",
                "italic": "false"
              }
            },
            {
              "function": "minecraft:set_enchantments",
              "enchantments": {
                "minecraft:protection": {
                  "min": 2,
                  "max": 4
                }
              }
            }
          ]
        },
        {
          "type": "minecraft:item",
          "name": "minecraft:diamond_chestplate",
          "functions": [
            {
              "function": "minecraft:set_name",
              "name": {
                "text": "Immortal",
                "color": "gold",
                "italic": "false"
              }
            },
            {
              "function": "minecraft:set_enchantments",
              "enchantments": {
                "minecraft:protection": {
                  "min": 2,
                  "max": 4
                },
                "minecraft:blast_protection": {
                  "min": 2,
                  "max": 4
                },
                "minecraft:projectile_protection": {
                  "min": 2,
                  "max": 4
                },
                "minecraft:fire_protection": {
                  "min": 2,
                  "max": 4
                }
              }
            }
          ]
        },
        {
          "type": "minecraft:item",
          "name": "minecraft:bow",
          "functions": [
            {
              "function": "minecraft:set_name",
              "name": {
                "text": "Robin's Bow",
                "color": "dark_purple",
                "italic": "false"
              }
            },
            {
              "function": "minecraft:set_enchantments",
              "enchantments": {
                "minecraft:mending": 1,
                "minecraft:infinity": 1
              }
            }
          ]
        }
      ]
    }
  ]
}
