{
  "criteria": {
    "cod": {
      "trigger": "minecraft:fishing_rod_hooked",
      "conditions": {
        "item": {
          "items": [
            "minecraft:cod"
          ]
        }
      }
    },
    "salmon": {
      "trigger": "minecraft:fishing_rod_hooked",
      "conditions": {
        "item": {
          "items": [
            "minecraft:salmon"
          ]
        }
      }
    },
    "lily_pad": {
      "trigger": "minecraft:fishing_rod_hooked",
      "conditions": {
        "item": {
          "items": [
            "minecraft:lily_pad"
          ]
        }
      }
    },
    "bone": {
      "trigger": "minecraft:fishing_rod_hooked",
      "conditions": {
        "item": {
          "items": [
            "minecraft:bone"
          ]
        }
      }
    },
    "string": {
      "trigger": "minecraft:fishing_rod_hooked",
      "conditions": {
        "item": {
          "items": [
            "minecraft:string"
          ]
        }
      }
    },
    "stick": {
      "trigger": "minecraft:fishing_rod_hooked",
      "conditions": {
        "item": {
          "items": [
            "minecraft:stick"
          ]
        }
      }
    },
    "ink_sac": {
      "trigger": "minecraft:fishing_rod_hooked",
      "conditions": {
        "item": {
          "items": [
            "minecraft:ink_sac"
          ]
        }
      }
    },
    "rotten_flesh": {
      "trigger": "minecraft:fishing_rod_hooked",
      "conditions": {
        "item": {
          "items": [
            "minecraft:rotten_flesh"
          ]
        }
      }
    },
    "leather": {
      "trigger": "minecraft:fishing_rod_hooked",
      "conditions": {
        "item": {
          "items": [
            "minecraft:leather"
          ]
        }
      }
    }
  },
  "requirements": [
    [
      "cod",
      "salmon",
      "lily_pad",
      "bone",
      "string",
      "stick",
      "ink_sac",
      "rotten_flesh",
      "leather"
    ]
  ],
  "rewards": {
    "function": "enchantplus:entity/player/fishing/trigger"
  }
}
