{
  "criteria": {
    "requirement": {
      "trigger": "minecraft:item_durability_changed",
      "conditions": {
        "player": [
          {
            "condition": "minecraft:entity_properties",
            "entity": "this",
            "predicate": {
              "equipment": {
                "chest": {
                  "nbt": "{CustomCurse:[{id:\"Fragile\",lvl:1}]}"
                }
              }
            }
          }
        ]
      }
    }
  },
  "rewards": {
    "function": "enchantplus:result/fragile/chest"
  }
}