{
  "criteria": {
    "requirement": {
      "trigger": "minecraft:entity_hurt_player",
      "conditions": {
        "player": [
          {
            "condition": "minecraft:entity_properties",
            "entity": "this",
            "predicate": {
              "location": {
                "fluid": {
                  "tag": "minecraft:water"
                }
              }
            }
          }
        ],
        "damage": {
          "source_entity": {
            "type": "#teplus_exten:mobs/with_custom_ench",
            "equipment": {
              "mainhand": {
                "nbt": "{CustomEnchantments:[{id:\"MarineGrace\",lvl:1}]}"
              }
            }
          }
        }
      }
    }
  },
  "rewards": {
    "function": "teplus_exten:mobs/has_ench/mainhand/when_hit_player/marine_grace1"
  }
}
